plant_id,genotype,time_days,treatment,replicate,cycle,phase,water_potential,stomatal_conductance
S_C_1,Sensitive,0,Control,1,1,PreDrought,-0.8962410597449345,0.3091306770429059
S_C_1,Sensitive,1,Control,1,1,PreDrought,-0.8946836602506407,0.2966673743583365
S_C_1,Sensitive,2,Control,1,1,PreDrought,-0.8435930923485659,0.29826507797794505
S_C_1,Sensitive,3,Control,1,1,PreDrought,-0.8457250186010934,0.3312390087916763
S_C_1,Sensitive,4,Control,1,1,PreDrought,-0.925087881447536,0.31432044756577754
S_C_1,Sensitive,5,Control,1,1,Drought,-0.9025810104734396,0.3137186005573491
S_C_1,Sensitive,6,Control,1,1,Drought,-0.879756741822568,0.3197645935977705
S_C_1,Sensitive,7,Control,1,1,Drought,-0.8524268096830472,0.3164052974793611
S_C_1,Sensitive,8,Control,1,1,Drought,-0.8344678062219534,0.3447665865528912
S_C_1,Sensitive,9,Control,1,1,Drought,-0.8940878913275428,0.33180520491314563
S_C_1,Sensitive,10,Control,1,1,Drought,-0.7897826500666216,0.355785555908333
S_C_1,Sensitive,11,Control,1,1,Rewatering,-0.837746316191206,0.34905790572096723
S_C_1,Sensitive,12,Control,1,1,Rewatering,-0.9557735581513885,0.31771358171997355
S_C_1,Sensitive,13,Control,1,1,Rewatering,-0.8384565411468482,0.33849459099733276
S_C_1,Sensitive,14,Control,1,1,Rewatering,-0.9026922695610974,0.31110593277169424
S_C_1,Sensitive,15,Control,1,1,Rewatering,-0.9123516735193009,0.30826062900759643
S_C_1,Sensitive,16,Control,1,1,PostDrought,-0.8587392063513365,0.3125174109813992
S_C_1,Sensitive,17,Control,1,1,PostDrought,-0.8725689337199279,0.3102332248150605
S_C_1,Sensitive,18,Control,1,1,PostDrought,-0.7895359728216329,0.3222331335523879
S_C_1,Sensitive,19,Control,1,1,PostDrought,-0.8571948207498781,0.3158629376779674
S_C_1,Sensitive,20,Control,1,1,PostDrought,-0.9572194863578483,0.3138219797945157
S_C_1,Sensitive,21,Control,1,2,PreDrought,-0.8790213089553063,0.285082357514888
S_C_1,Sensitive,22,Control,1,2,PreDrought,-0.968660927374066,0.3101177269124147
S_C_1,Sensitive,23,Control,1,2,PreDrought,-0.9871136910266958,0.30230859837641216
S_C_1,Sensitive,24,Control,1,2,PreDrought,-0.924328259083953,0.2955604368657906
S_C_1,Sensitive,25,Control,1,2,Drought,-0.9058119713285261,0.3209746824430274
S_C_1,Sensitive,26,Control,1,2,Drought,-0.8542489381316234,0.2941666888227032
S_C_1,Sensitive,27,Control,1,2,Drought,-1.0525513322240103,0.31090158606295465
S_C_1,Sensitive,28,Control,1,2,Drought,-1.0052570595972015,0.30364810831492867
S_C_1,Sensitive,29,Control,1,2,Drought,-0.9962284599487342,0.29891745696088906
S_C_1,Sensitive,30,Control,1,2,Drought,-0.9057177517449457,0.33166495160726467
S_C_1,Sensitive,31,Control,1,2,Rewatering,-0.9433902684158302,0.30151057920839364
S_C_1,Sensitive,32,Control,1,2,Rewatering,-0.9354447458428415,0.32750030037065725
S_C_1,Sensitive,33,Control,1,2,Rewatering,-0.9518677362761111,0.3093461044671342
S_C_1,Sensitive,34,Control,1,2,Rewatering,-1.0206216053292825,0.32606971138252144
S_C_1,Sensitive,35,Control,1,2,Rewatering,-0.8946051214262659,0.2906049401670159
S_C_1,Sensitive,36,Control,1,2,PostDrought,-0.9135607150019562,0.31445597874188636
S_C_1,Sensitive,37,Control,1,2,PostDrought,-1.0265430254945656,0.29193164043230463
S_C_1,Sensitive,38,Control,1,2,PostDrought,-0.9432108191934936,0.33147628281734676
S_C_1,Sensitive,39,Control,1,2,PostDrought,-0.9788125945648463,0.33759590731487316
S_C_1,Sensitive,40,Control,1,2,PostDrought,-0.9372083925503198,0.32904054813252304
S_C_2,Sensitive,0,Control,2,1,PreDrought,-0.912908337540421,0.3341258763803952
S_C_2,Sensitive,1,Control,2,1,PreDrought,-0.8792041038252807,0.3222320095272398
S_C_2,Sensitive,2,Control,2,1,PreDrought,-1.0270131550834203,0.35012632777574787
S_C_2,Sensitive,3,Control,2,1,PreDrought,-0.8903623710646862,0.3360224258703284
S_C_2,Sensitive,4,Control,2,1,PreDrought,-0.8680259764786193,0.3473590381571781
S_C_2,Sensitive,5,Control,2,1,Drought,-0.8440168193553639,0.3134482505880823
S_C_2,Sensitive,6,Control,2,1,Drought,-0.8332669419303294,0.3342652676262734
S_C_2,Sensitive,7,Control,2,1,Drought,-0.9504871486603768,0.3489178416446424
S_C_2,Sensitive,8,Control,2,1,Drought,-0.9786212266799539,NA
S_C_2,Sensitive,9,Control,2,1,Drought,-0.9142775721416271,0.33338624662873445
S_C_2,Sensitive,10,Control,2,1,Drought,-0.8893662015090432,0.34079324710519027
S_C_2,Sensitive,11,Control,2,1,Rewatering,-0.8384507658814941,0.3079969265797603
S_C_2,Sensitive,12,Control,2,1,Rewatering,-0.9122815947268385,0.3294228189599561
S_C_2,Sensitive,13,Control,2,1,Rewatering,-0.8348085470996988,0.32112895485064286
S_C_2,Sensitive,14,Control,2,1,Rewatering,-0.960407358847051,0.30669330275333
S_C_2,Sensitive,15,Control,2,1,Rewatering,-0.8310707550777723,0.3158740410240181
S_C_2,Sensitive,16,Control,2,1,PostDrought,-0.9639472108576401,0.3374726981588491
S_C_2,Sensitive,17,Control,2,1,PostDrought,-0.8044545477481807,0.3202963349642234
S_C_2,Sensitive,18,Control,2,1,PostDrought,-0.8441858268044516,0.3282551001729384
S_C_2,Sensitive,19,Control,2,1,PostDrought,-0.9647834920093881,0.3247627485541016
S_C_2,Sensitive,20,Control,2,1,PostDrought,-0.9680052191481358,0.3475656530916366
S_C_2,Sensitive,21,Control,2,2,PreDrought,-0.9610321064668437,0.3361976091340626
S_C_2,Sensitive,22,Control,2,2,PreDrought,-0.9474308280752887,0.32032082166650044
S_C_2,Sensitive,23,Control,2,2,PreDrought,-0.8413299551750857,0.32694702295795924
S_C_2,Sensitive,24,Control,2,2,PreDrought,-0.8283646003876305,0.3031573993853912
S_C_2,Sensitive,25,Control,2,2,Drought,-0.9346313167330211,0.30085838038834034
S_C_2,Sensitive,26,Control,2,2,Drought,-0.9170458964830305,0.308419376475441
S_C_2,Sensitive,27,Control,2,2,Drought,-0.8513302149390465,0.2984340575964651
S_C_2,Sensitive,28,Control,2,2,Drought,-0.9134159227732829,0.32401999812213494
S_C_2,Sensitive,29,Control,2,2,Drought,-0.9836675132939263,0.3439538394210746
S_C_2,Sensitive,30,Control,2,2,Drought,-0.9350673625681811,0.2944858702481299
S_C_2,Sensitive,31,Control,2,2,Rewatering,-0.9919741281423424,0.3096508506540555
S_C_2,Sensitive,32,Control,2,2,Rewatering,-0.9582128949179202,0.33121290830513883
S_C_2,Sensitive,33,Control,2,2,Rewatering,-0.9446342335322643,0.3036685677129873
S_C_2,Sensitive,34,Control,2,2,Rewatering,-0.8222923948755902,0.2930082243251923
S_C_2,Sensitive,35,Control,2,2,Rewatering,-0.9243092759857864,0.3066465639279915
S_C_2,Sensitive,36,Control,2,2,PostDrought,-0.9147110065713435,0.3018887042028767
S_C_2,Sensitive,37,Control,2,2,PostDrought,-1.0013153520219917,0.2979584154876774
S_C_2,Sensitive,38,Control,2,2,PostDrought,-0.8816566509297877,0.29448044882615265
S_C_2,Sensitive,39,Control,2,2,PostDrought,-1.0267967502737771,0.326759788663513
S_C_2,Sensitive,40,Control,2,2,PostDrought,-1.0017933638453695,0.31109728939832115
S_C_3,Sensitive,0,Control,3,1,PreDrought,-0.955318000635722,0.3157215256500072
S_C_3,Sensitive,1,Control,3,1,PreDrought,-0.8905651649333011,0.34034127691123245
S_C_3,Sensitive,2,Control,3,1,PreDrought,-0.9121897786136407,0.29070993493576075
S_C_3,Sensitive,3,Control,3,1,PreDrought,-0.8312264995808972,0.34365573294966906
S_C_3,Sensitive,4,Control,3,1,PreDrought,-0.9348821480678997,0.3149761927547606
S_C_3,Sensitive,5,Control,3,1,Drought,-0.8092523006811138,0.3137737682328838
S_C_3,Sensitive,6,Control,3,1,Drought,-0.7795183593646589,0.30629138317595506
S_C_3,Sensitive,7,Control,3,1,Drought,-0.8346252411341615,0.3327051863111236
S_C_3,Sensitive,8,Control,3,1,Drought,-0.8772730873236949,0.34419854365294555
S_C_3,Sensitive,9,Control,3,1,Drought,-0.8032499477991756,0.3393310224677295
S_C_3,Sensitive,10,Control,3,1,Drought,-0.8220237823744653,0.3443876072446288
S_C_3,Sensitive,11,Control,3,1,Rewatering,-0.932683102557263,0.33911404801195816
S_C_3,Sensitive,12,Control,3,1,Rewatering,-0.817273161271918,0.3359009732444634
S_C_3,Sensitive,13,Control,3,1,Rewatering,-0.968713252101318,0.3137816625916257
S_C_3,Sensitive,14,Control,3,1,Rewatering,-0.8514761315254706,0.3500859234732943
S_C_3,Sensitive,15,Control,3,1,Rewatering,-0.9070222533532541,0.3173163151229839
S_C_3,Sensitive,16,Control,3,1,PostDrought,-0.8554652888047476,0.32420373200776587
S_C_3,Sensitive,17,Control,3,1,PostDrought,-1.0125990493256043,0.30559949237977335
S_C_3,Sensitive,18,Control,3,1,PostDrought,-0.8550433337546322,0.32925003682237974
S_C_3,Sensitive,19,Control,3,1,PostDrought,-1.000967173447825,0.3140265219255322
S_C_3,Sensitive,20,Control,3,1,PostDrought,-0.9166902980916662,0.3335768034014833
S_C_3,Sensitive,21,Control,3,2,PreDrought,-0.8622756634255067,0.31069154841829677
S_C_3,Sensitive,22,Control,3,2,PreDrought,-0.9017048326494856,0.31394737936705897
S_C_3,Sensitive,23,Control,3,2,PreDrought,-0.935365354575692,0.3357828774672982
S_C_3,Sensitive,24,Control,3,2,PreDrought,-0.8262703607865118,0.2859645415769782
S_C_3,Sensitive,25,Control,3,2,Drought,NA,0.32502786917549215
S_C_3,Sensitive,26,Control,3,2,Drought,-0.9129934388007377,0.3130706078857735
S_C_3,Sensitive,27,Control,3,2,Drought,-0.9702138212239628,0.33799164561463507
S_C_3,Sensitive,28,Control,3,2,Drought,-0.9752527402299578,0.2926000863656555
S_C_3,Sensitive,29,Control,3,2,Drought,-0.9284209269419771,0.29576489297655917
S_C_3,Sensitive,30,Control,3,2,Drought,-0.8293091075638176,0.30083007416614393
S_C_3,Sensitive,31,Control,3,2,Rewatering,-1.031752875155264,0.3213924582769535
S_C_3,Sensitive,32,Control,3,2,Rewatering,-0.999723589929643,0.30595172502626133
S_C_3,Sensitive,33,Control,3,2,Rewatering,-0.8867722347941084,0.31955515700140463
S_C_3,Sensitive,34,Control,3,2,Rewatering,-0.9857221383271483,0.32544240970344485
S_C_3,Sensitive,35,Control,3,2,Rewatering,-1.0193234804986124,0.32175827510761895
S_C_3,Sensitive,36,Control,3,2,PostDrought,-1.0171315367618856,0.3175484583025026
S_C_3,Sensitive,37,Control,3,2,PostDrought,-0.9962789155353287,0.3342155595763826
S_C_3,Sensitive,38,Control,3,2,PostDrought,-0.8744195318128736,0.31669701293906505
S_C_3,Sensitive,39,Control,3,2,PostDrought,-0.9173787592416626,0.31400382700146606
S_C_3,Sensitive,40,Control,3,2,PostDrought,-0.9451930935177363,0.3301662382255905
S_C_4,Sensitive,0,Control,4,1,PreDrought,-0.8225622568929839,0.31308221755000004
S_C_4,Sensitive,1,Control,4,1,PreDrought,-0.9318263816837017,0.34529525740122147
S_C_4,Sensitive,2,Control,4,1,PreDrought,-0.950304221032995,0.3317876337650901
S_C_4,Sensitive,3,Control,4,1,PreDrought,-0.9506134456272198,0.3180647783970289
S_C_4,Sensitive,4,Control,4,1,PreDrought,-0.9125197130979527,0.34055887414409136
S_C_4,Sensitive,5,Control,4,1,Drought,-0.9059197182861767,0.3357457022539823
S_C_4,Sensitive,6,Control,4,1,Drought,-0.8309391583332412,0.33254408814939673
S_C_4,Sensitive,7,Control,4,1,Drought,-0.899262869766799,0.34667894550772266
S_C_4,Sensitive,8,Control,4,1,Drought,-0.9523167050982643,0.3410100916675827
S_C_4,Sensitive,9,Control,4,1,Drought,-0.9037257529309115,0.3468969877923991
S_C_4,Sensitive,10,Control,4,1,Drought,-0.822022390738635,0.3267649573317076
S_C_4,Sensitive,11,Control,4,1,Rewatering,-0.7624547860689197,0.3828828150475816
S_C_4,Sensitive,12,Control,4,1,Rewatering,-0.8706235941444275,0.34123024457741
S_C_4,Sensitive,13,Control,4,1,Rewatering,-0.8819996939757198,0.36105650587413723
S_C_4,Sensitive,14,Control,4,1,Rewatering,-0.9671291619276599,0.3416682872144926
S_C_4,Sensitive,15,Control,4,1,Rewatering,-0.9110877559497622,0.3074396559404019
S_C_4,Sensitive,16,Control,4,1,PostDrought,-0.9094371692253331,0.32924858257124884
S_C_4,Sensitive,17,Control,4,1,PostDrought,-0.8343878294729198,0.3393007035277178
S_C_4,Sensitive,18,Control,4,1,PostDrought,-0.835419480416106,0.3346114382525998
S_C_4,Sensitive,19,Control,4,1,PostDrought,-0.8488680779156328,0.32134210700717003
S_C_4,Sensitive,20,Control,4,1,PostDrought,-0.9471760514468632,0.31697488867024304
S_C_4,Sensitive,21,Control,4,2,PreDrought,-0.9857418231929642,0.2962890413696232
S_C_4,Sensitive,22,Control,4,2,PreDrought,-0.9287775791879961,0.3287973213184166
S_C_4,Sensitive,23,Control,4,2,PreDrought,-1.0489161684032269,0.3204102764704103
S_C_4,Sensitive,24,Control,4,2,PreDrought,-0.938310381033609,0.3341602671449081
S_C_4,Sensitive,25,Control,4,2,Drought,-0.930398378177533,0.2896745687310637
S_C_4,Sensitive,26,Control,4,2,Drought,-0.8540565550954975,0.35556389536346555
S_C_4,Sensitive,27,Control,4,2,Drought,-0.9616506337117294,0.3375392355836282
S_C_4,Sensitive,28,Control,4,2,Drought,-0.9221901126562072,0.3012464519005707
S_C_4,Sensitive,29,Control,4,2,Drought,-0.8809077881975649,0.28877532764974684
S_C_4,Sensitive,30,Control,4,2,Drought,-0.9713894067513902,0.295148780241978
S_C_4,Sensitive,31,Control,4,2,Rewatering,-1.039207989032395,0.29766190229238104
S_C_4,Sensitive,32,Control,4,2,Rewatering,-0.9324431801787143,0.3022663266688495
S_C_4,Sensitive,33,Control,4,2,Rewatering,-0.8417872302864529,0.3264377130160101
S_C_4,Sensitive,34,Control,4,2,Rewatering,-0.8777736267627689,NA
S_C_4,Sensitive,35,Control,4,2,Rewatering,-0.9366441230421162,0.3192479124828332
S_C_4,Sensitive,36,Control,4,2,PostDrought,-1.0028307986730418,0.32610523677362796
S_C_4,Sensitive,37,Control,4,2,PostDrought,-1.0112693726457243,0.3044328831787155
S_C_4,Sensitive,38,Control,4,2,PostDrought,-0.838458025648486,0.3291370146902051
S_C_4,Sensitive,39,Control,4,2,PostDrought,-0.9517178496552068,0.34098964775725793
S_C_4,Sensitive,40,Control,4,2,PostDrought,-0.9453024380001921,0.33670633222681035
S_D_1,Sensitive,0,Drought,1,1,PreDrought,-0.8818385207551855,0.315078569922251
S_D_1,Sensitive,1,Drought,1,1,PreDrought,-0.905622651645742,0.32071752817504257
S_D_1,Sensitive,2,Drought,1,1,PreDrought,-0.9676424665370242,0.2975258612185277
S_D_1,Sensitive,3,Drought,1,1,PreDrought,-0.8178787726592088,0.3128320495401843
S_D_1,Sensitive,4,Drought,1,1,PreDrought,-1.013217024453648,0.32772163503974544
S_D_1,Sensitive,5,Drought,1,1,Drought,-1.1261751853719226,0.28565390619241005
S_D_1,Sensitive,6,Drought,1,1,Drought,-1.3426154013958669,0.21807912942359145
S_D_1,Sensitive,7,Drought,1,1,Drought,-1.7347574125209415,0.2093260693420576
S_D_1,Sensitive,8,Drought,1,1,Drought,-1.8926344903485577,0.15216311379994157
S_D_1,Sensitive,9,Drought,1,1,Drought,-1.9732176740419438,0.12563547408699693
S_D_1,Sensitive,10,Drought,1,1,Drought,-2.1550407424478246,0.1069027280332996
S_D_1,Sensitive,11,Drought,1,1,Rewatering,-2.123396367863771,0.14642577044015972
S_D_1,Sensitive,12,Drought,1,1,Rewatering,-1.8180626919538396,0.12928757315672873
S_D_1,Sensitive,13,Drought,1,1,Rewatering,-1.6433725698697434,0.18834127221641206
S_D_1,Sensitive,14,Drought,1,1,Rewatering,-1.5267969106203303,0.2011206476633452
S_D_1,Sensitive,15,Drought,1,1,Rewatering,-1.4231848686782442,0.23072776228713007
S_D_1,Sensitive,16,Drought,1,1,PostDrought,-1.3817978101420376,0.2016170405635712
S_D_1,Sensitive,17,Drought,1,1,PostDrought,-1.346026050081765,0.2659472674349955
S_D_1,Sensitive,18,Drought,1,1,PostDrought,-1.4793660770176704,0.2240992157499749
S_D_1,Sensitive,19,Drought,1,1,PostDrought,-1.226211617971541,0.23723937196460548
S_D_1,Sensitive,20,Drought,1,1,PostDrought,-1.322864467800447,0.23276391559305823
S_D_1,Sensitive,21,Drought,1,2,PreDrought,-1.0213120706307453,0.30496052930213324
S_D_1,Sensitive,22,Drought,1,2,PreDrought,-0.9370883034720905,0.3272170298681334
S_D_1,Sensitive,23,Drought,1,2,PreDrought,-1.0719061819608406,0.2963276604542111
S_D_1,Sensitive,24,Drought,1,2,PreDrought,-0.9870513897624626,0.29975864269231095
S_D_1,Sensitive,25,Drought,1,2,Drought,-1.2041422519666516,0.25900406509645507
S_D_1,Sensitive,26,Drought,1,2,Drought,-1.4353679858903785,0.23980968848870135
S_D_1,Sensitive,27,Drought,1,2,Drought,-1.6673381972057435,0.1817356935416245
S_D_1,Sensitive,28,Drought,1,2,Drought,-1.9104970380716346,0.14522754221647718
S_D_1,Sensitive,29,Drought,1,2,Drought,-2.0891121223648454,0.1464045817215849
S_D_1,Sensitive,30,Drought,1,2,Drought,-2.3113255316049157,0.09546839287879233
S_D_1,Sensitive,31,Drought,1,2,Rewatering,-2.1257789223308836,0.1498247491158146
S_D_1,Sensitive,32,Drought,1,2,Rewatering,-2.070993177748643,0.1530145967737859
S_D_1,Sensitive,33,Drought,1,2,Rewatering,-1.92598009917131,0.12403180988784543
S_D_1,Sensitive,34,Drought,1,2,Rewatering,-1.75237766697867,0.2036304128148717
S_D_1,Sensitive,35,Drought,1,2,Rewatering,-1.4818355108506565,0.18901769558135528
S_D_1,Sensitive,36,Drought,1,2,PostDrought,-1.581168905066906,0.19753994281927112
S_D_1,Sensitive,37,Drought,1,2,PostDrought,-1.5573063345207998,0.22241416309599896
S_D_1,Sensitive,38,Drought,1,2,PostDrought,-1.4895331946609291,0.20653651838087222
S_D_1,Sensitive,39,Drought,1,2,PostDrought,-1.5747997827658495,0.20815244795818041
S_D_1,Sensitive,40,Drought,1,2,PostDrought,-1.40927145338206,0.2122421322583413
S_D_2,Sensitive,0,Drought,2,1,PreDrought,-0.943153450686709,0.31174489753274087
S_D_2,Sensitive,1,Drought,2,1,PreDrought,-0.9447118559235541,0.32648748611661815
S_D_2,Sensitive,2,Drought,2,1,PreDrought,-0.9527290087465015,0.32152542806911183
S_D_2,Sensitive,3,Drought,2,1,PreDrought,-0.9654594297677744,0.31472854550422685
S_D_2,Sensitive,4,Drought,2,1,PreDrought,-0.9457318310033068,0.3108084767266139
S_D_2,Sensitive,5,Drought,2,1,Drought,-1.1778195466947385,0.2789936305040601
S_D_2,Sensitive,6,Drought,2,1,Drought,-1.4337085706662704,0.22454180080348862
S_D_2,Sensitive,7,Drought,2,1,Drought,-1.43121480468686,0.22452530227493828
S_D_2,Sensitive,8,Drought,2,1,Drought,-1.8678004876656076,0.15654561843844103
S_D_2,Sensitive,9,Drought,2,1,Drought,-1.8826353268863045,0.14852984913387599
S_D_2,Sensitive,10,Drought,2,1,Drought,NA,0.09111616562365446
S_D_2,Sensitive,11,Drought,2,1,Rewatering,-2.068307658866277,NA
S_D_2,Sensitive,12,Drought,2,1,Rewatering,-1.7473584945519283,0.12518329312980528
S_D_2,Sensitive,13,Drought,2,1,Rewatering,-1.648031978601838,0.17899691766905804
S_D_2,Sensitive,14,Drought,2,1,Rewatering,-1.597254846580998,0.20816085466862938
S_D_2,Sensitive,15,Drought,2,1,Rewatering,-1.3504559528418696,0.18925487489877765
S_D_2,Sensitive,16,Drought,2,1,PostDrought,-1.202908237841927,0.2410169762990817
S_D_2,Sensitive,17,Drought,2,1,PostDrought,-1.327179466191104,0.23691390835734366
S_D_2,Sensitive,18,Drought,2,1,PostDrought,-1.3704577491653727,0.23980638533101517
S_D_2,Sensitive,19,Drought,2,1,PostDrought,-1.2259688573853782,0.22330995350574645
S_D_2,Sensitive,20,Drought,2,1,PostDrought,-1.1181509577296194,0.24810611793635584
S_D_2,Sensitive,21,Drought,2,2,PreDrought,-1.0996279223706578,0.28453378831878956
S_D_2,Sensitive,22,Drought,2,2,PreDrought,-0.9561314920491406,0.2897327816482456
S_D_2,Sensitive,23,Drought,2,2,PreDrought,-0.9728292569037396,0.3076971171615625
S_D_2,Sensitive,24,Drought,2,2,PreDrought,-1.0607556309772699,0.3170127148889903
S_D_2,Sensitive,25,Drought,2,2,Drought,-1.2226086989952538,0.28342294747187763
S_D_2,Sensitive,26,Drought,2,2,Drought,-1.4863300146013467,0.22554138051293096
S_D_2,Sensitive,27,Drought,2,2,Drought,-1.628539329912176,0.20806459033162825
S_D_2,Sensitive,28,Drought,2,2,Drought,-1.9027594667889534,0.18000719796383385
S_D_2,Sensitive,29,Drought,2,2,Drought,NA,0.15481612528701957
S_D_2,Sensitive,30,Drought,2,2,Drought,-2.292305958850236,0.08377582338017002
S_D_2,Sensitive,31,Drought,2,2,Rewatering,-2.2265453180774797,0.11114824333121963
S_D_2,Sensitive,32,Drought,2,2,Rewatering,-2.0480121427156748,0.1306143012843305
S_D_2,Sensitive,33,Drought,2,2,Rewatering,-1.94551905027716,0.12642898152664947
S_D_2,Sensitive,34,Drought,2,2,Rewatering,-1.6393809004862734,0.14006711531244942
S_D_2,Sensitive,35,Drought,2,2,Rewatering,-1.5486042291110118,0.2089960989837108
S_D_2,Sensitive,36,Drought,2,2,PostDrought,-1.4950819397707291,0.22092115667220122
S_D_2,Sensitive,37,Drought,2,2,PostDrought,-1.5482834961788536,0.18557329059623
S_D_2,Sensitive,38,Drought,2,2,PostDrought,-1.555371561553983,0.18562880199475665
S_D_2,Sensitive,39,Drought,2,2,PostDrought,-1.441607243939936,0.21089631741202747
S_D_2,Sensitive,40,Drought,2,2,PostDrought,-1.293504542181228,0.2096581467651946
S_D_3,Sensitive,0,Drought,3,1,PreDrought,-0.9628556295960626,0.3041717640789875
S_D_3,Sensitive,1,Drought,3,1,PreDrought,-0.9705326101498459,0.3299281773899545
S_D_3,Sensitive,2,Drought,3,1,PreDrought,-1.005272053224247,0.3266054362219365
S_D_3,Sensitive,3,Drought,3,1,PreDrought,-0.8758501325598474,0.3146522245603214
S_D_3,Sensitive,4,Drought,3,1,PreDrought,-1.0375241287876238,0.3190727858787284
S_D_3,Sensitive,5,Drought,3,1,Drought,-1.1346253599139338,0.26109940464149173
S_D_3,Sensitive,6,Drought,3,1,Drought,-1.4301755122736677,0.25079625120419885
S_D_3,Sensitive,7,Drought,3,1,Drought,-1.6126526141895976,0.2122946602026355
S_D_3,Sensitive,8,Drought,3,1,Drought,-1.776615356780866,0.15869906815918455
S_D_3,Sensitive,9,Drought,3,1,Drought,-1.9625781768712862,0.13861925258522137
S_D_3,Sensitive,10,Drought,3,1,Drought,-2.1889432352426157,0.07196179975935303
S_D_3,Sensitive,11,Drought,3,1,Rewatering,-2.0124794358673905,0.14617726087600885
S_D_3,Sensitive,12,Drought,3,1,Rewatering,-1.850645649092106,0.1115873559531747
S_D_3,Sensitive,13,Drought,3,1,Rewatering,-1.5627850143806226,0.1976392108603508
S_D_3,Sensitive,14,Drought,3,1,Rewatering,-1.4984200593618233,0.17534370534437926
S_D_3,Sensitive,15,Drought,3,1,Rewatering,-1.4948359865832748,0.2219530989637533
S_D_3,Sensitive,16,Drought,3,1,PostDrought,-1.514397307277243,0.24741075158879558
S_D_3,Sensitive,17,Drought,3,1,PostDrought,-1.2267317266427327,0.23396543255978902
S_D_3,Sensitive,18,Drought,3,1,PostDrought,-1.2452768641084933,0.2506164162241965
S_D_3,Sensitive,19,Drought,3,1,PostDrought,-1.2323097806093397,0.25255634682850125
S_D_3,Sensitive,20,Drought,3,1,PostDrought,-1.229237742558358,0.25333020502493203
S_D_3,Sensitive,21,Drought,3,2,PreDrought,-1.0902229753829251,0.2978495287079823
S_D_3,Sensitive,22,Drought,3,2,PreDrought,-0.9799554796572996,0.3245253365874808
S_D_3,Sensitive,23,Drought,3,2,PreDrought,-0.9085907424363001,0.30294116496410295
S_D_3,Sensitive,24,Drought,3,2,PreDrought,-0.9767124332513205,0.29441185300472666
S_D_3,Sensitive,25,Drought,3,2,Drought,-1.1843485501905346,0.2751241337967193
S_D_3,Sensitive,26,Drought,3,2,Drought,-1.4718569071783614,0.23650636841633518
S_D_3,Sensitive,27,Drought,3,2,Drought,-1.6282156498320641,0.20401676976482813
S_D_3,Sensitive,28,Drought,3,2,Drought,-1.8752752490172508,0.15710515376421993
S_D_3,Sensitive,29,Drought,3,2,Drought,-2.0508017901636015,0.1331007926810304
S_D_3,Sensitive,30,Drought,3,2,Drought,-2.3040860651720956,0.10927841390329232
S_D_3,Sensitive,31,Drought,3,2,Rewatering,-2.1688120763131242,0.12576105265875975
S_D_3,Sensitive,32,Drought,3,2,Rewatering,-1.9912092227763605,0.14565175073234754
S_D_3,Sensitive,33,Drought,3,2,Rewatering,-1.853820491279974,0.13127639342374078
S_D_3,Sensitive,34,Drought,3,2,Rewatering,-1.6837417605668785,0.14283675244199467
S_D_3,Sensitive,35,Drought,3,2,Rewatering,-1.6624438720457024,0.22777710469523502
S_D_3,Sensitive,36,Drought,3,2,PostDrought,-1.6048527165771986,0.19135329821306654
S_D_3,Sensitive,37,Drought,3,2,PostDrought,-1.5583988783001588,0.1985067548227112
S_D_3,Sensitive,38,Drought,3,2,PostDrought,-1.4507800238735327,0.2045993263989517
S_D_3,Sensitive,39,Drought,3,2,PostDrought,-1.4498870748027286,0.2180533467377738
S_D_3,Sensitive,40,Drought,3,2,PostDrought,-1.4392372277938597,0.22190343011287672
S_D_4,Sensitive,0,Drought,4,1,PreDrought,-0.9299537038608349,0.3257439673861069
S_D_4,Sensitive,1,Drought,4,1,PreDrought,-1.0075777513500337,0.3145702359070211
S_D_4,Sensitive,2,Drought,4,1,PreDrought,-0.8673556298733237,0.324101625967871
S_D_4,Sensitive,3,Drought,4,1,PreDrought,-0.9786310046294638,0.3171397900523269
S_D_4,Sensitive,4,Drought,4,1,PreDrought,-1.0395861363428727,0.31932835620831596
S_D_4,Sensitive,5,Drought,4,1,Drought,-1.1242175029504897,0.28670934287057487
S_D_4,Sensitive,6,Drought,4,1,Drought,-1.2662942752590014,0.25233523532889834
S_D_4,Sensitive,7,Drought,4,1,Drought,-1.530373315440161,0.1926785171926387
S_D_4,Sensitive,8,Drought,4,1,Drought,-1.8120877711865289,0.16899555045246983
S_D_4,Sensitive,9,Drought,4,1,Drought,-2.021863214311834,0.138128207133508
S_D_4,Sensitive,10,Drought,4,1,Drought,-2.2171463484902914,0.09532511138591059
S_D_4,Sensitive,11,Drought,4,1,Rewatering,-2.0805372002183784,0.10445140246301876
S_D_4,Sensitive,12,Drought,4,1,Rewatering,-1.8922346207201444,0.1447390581922956
S_D_4,Sensitive,13,Drought,4,1,Rewatering,-1.7084515337921475,0.1818011978601435
S_D_4,Sensitive,14,Drought,4,1,Rewatering,-1.598683755727608,0.20237585311562678
S_D_4,Sensitive,15,Drought,4,1,Rewatering,-1.4403867214648602,0.2187236965054692
S_D_4,Sensitive,16,Drought,4,1,PostDrought,-1.4241095145324538,0.21542825983065902
S_D_4,Sensitive,17,Drought,4,1,PostDrought,-1.3609167429989224,0.20165232778784659
S_D_4,Sensitive,18,Drought,4,1,PostDrought,-1.2464581470368206,0.205364838642816
S_D_4,Sensitive,19,Drought,4,1,PostDrought,-1.1448524908659177,0.2257501685750352
S_D_4,Sensitive,20,Drought,4,1,PostDrought,-1.2964637727833772,0.24193830841523573
S_D_4,Sensitive,21,Drought,4,2,PreDrought,-0.9719014609899466,0.3028364399324011
S_D_4,Sensitive,22,Drought,4,2,PreDrought,-1.0155870391013677,NA
S_D_4,Sensitive,23,Drought,4,2,PreDrought,-1.0569727503468438,0.2711697858511894
S_D_4,Sensitive,24,Drought,4,2,PreDrought,-1.009381456390293,0.32347441446668657
S_D_4,Sensitive,25,Drought,4,2,Drought,-1.237387851958104,0.278152507416307
S_D_4,Sensitive,26,Drought,4,2,Drought,-1.4545328418075696,0.2324734817588469
S_D_4,Sensitive,27,Drought,4,2,Drought,-1.6267623723206182,0.2183474245368663
S_D_4,Sensitive,28,Drought,4,2,Drought,-1.8121225825736167,0.17850561082589841
S_D_4,Sensitive,29,Drought,4,2,Drought,-2.1487099275815646,0.14726795104914528
S_D_4,Sensitive,30,Drought,4,2,Drought,-2.368211636581092,0.07449362255816608
S_D_4,Sensitive,31,Drought,4,2,Rewatering,-2.0914489912489,0.09275887507434075
S_D_4,Sensitive,32,Drought,4,2,Rewatering,-2.022299105758354,0.10076921461977276
S_D_4,Sensitive,33,Drought,4,2,Rewatering,-1.8648668431136524,0.17885153569817638
S_D_4,Sensitive,34,Drought,4,2,Rewatering,-1.7617707168788557,0.1713685211501545
S_D_4,Sensitive,35,Drought,4,2,Rewatering,-1.5841530177101588,0.21814195998874772
S_D_4,Sensitive,36,Drought,4,2,PostDrought,-1.6111385482261795,0.17323568491715408
S_D_4,Sensitive,37,Drought,4,2,PostDrought,-1.5319220767539683,0.2193933804110968
S_D_4,Sensitive,38,Drought,4,2,PostDrought,-1.5675737913476326,0.2158591926017613
S_D_4,Sensitive,39,Drought,4,2,PostDrought,-1.5398917952269051,0.195088163124264
S_D_4,Sensitive,40,Drought,4,2,PostDrought,-1.3054284558966889,0.2197375239082726
T_C_1,Tolerant,0,Control,1,1,PreDrought,-0.8502829890110514,0.35550825942154046
T_C_1,Tolerant,1,Control,1,1,PreDrought,-0.8806441448146591,0.37873811426208015
T_C_1,Tolerant,2,Control,1,1,PreDrought,-0.8634619827229093,0.3590607678141907
T_C_1,Tolerant,3,Control,1,1,PreDrought,-0.8232103016811784,0.3847607180289958
T_C_1,Tolerant,4,Control,1,1,PreDrought,-0.8141329317944085,0.37516479478081916
T_C_1,Tolerant,5,Control,1,1,Drought,-0.8363816039585322,0.33476225927387826
T_C_1,Tolerant,6,Control,1,1,Drought,-0.8604315236683703,0.35486817649351726
T_C_1,Tolerant,7,Control,1,1,Drought,-0.7859574995024503,0.33455962998043715
T_C_1,Tolerant,8,Control,1,1,Drought,-0.840582809418776,0.35994891490239883
T_C_1,Tolerant,9,Control,1,1,Drought,-0.8976032723754529,0.3759089923098953
T_C_1,Tolerant,10,Control,1,1,Drought,-0.8010488039879359,0.3756620769500867
T_C_1,Tolerant,11,Control,1,1,Rewatering,-0.8845830601083077,0.3769417166006538
T_C_1,Tolerant,12,Control,1,1,Rewatering,-0.7658748344593214,0.3735345989611517
T_C_1,Tolerant,13,Control,1,1,Rewatering,-0.8717934483877222,0.39980129153506627
T_C_1,Tolerant,14,Control,1,1,Rewatering,-0.8551770202848341,0.3666317065538583
T_C_1,Tolerant,15,Control,1,1,Rewatering,-0.9004227209632424,NA
T_C_1,Tolerant,16,Control,1,1,PostDrought,-0.8139880048208586,0.3670727543636249
T_C_1,Tolerant,17,Control,1,1,PostDrought,-0.8071915437855895,0.37755895187292277
T_C_1,Tolerant,18,Control,1,1,PostDrought,-0.9453813712425992,0.3690261534892165
T_C_1,Tolerant,19,Control,1,1,PostDrought,-0.7792730830298098,0.36631488179342453
T_C_1,Tolerant,20,Control,1,1,PostDrought,-0.8363190154904414,0.34237449525259644
T_C_1,Tolerant,21,Control,1,2,PreDrought,-0.7504582156208525,0.3587206113597331
T_C_1,Tolerant,22,Control,1,2,PreDrought,-0.9200807441191496,0.3640695139098804
T_C_1,Tolerant,23,Control,1,2,PreDrought,-0.8616995648748124,0.33770596679340353
T_C_1,Tolerant,24,Control,1,2,PreDrought,-0.8578868298022725,0.34155311224498475
T_C_1,Tolerant,25,Control,1,2,Drought,-0.8848857231264063,0.3648088825588724
T_C_1,Tolerant,26,Control,1,2,Drought,-0.8804044122463603,0.34241736680870993
T_C_1,Tolerant,27,Control,1,2,Drought,-0.9062569097134008,0.3472501277061671
T_C_1,Tolerant,28,Control,1,2,Drought,-0.878343197053085,0.3514216901352287
T_C_1,Tolerant,29,Control,1,2,Drought,-0.8548007157518099,0.3394272172984184
T_C_1,Tolerant,30,Control,1,2,Drought,-0.9468251327454978,0.36886108026651915
T_C_1,Tolerant,31,Control,1,2,Rewatering,-0.9305045807814128,0.3400667525909302
T_C_1,Tolerant,32,Control,1,2,Rewatering,-0.9376566444969896,0.3462231504863506
T_C_1,Tolerant,33,Control,1,2,Rewatering,-0.9442718286495765,0.34761657565168025
T_C_1,Tolerant,34,Control,1,2,Rewatering,-0.8119110944188245,0.3516492396728152
T_C_1,Tolerant,35,Control,1,2,Rewatering,-0.8569838543065087,0.36940140072157707
T_C_1,Tolerant,36,Control,1,2,PostDrought,-0.9829795136049362,0.3592015765179041
T_C_1,Tolerant,37,Control,1,2,PostDrought,-0.8480880165037622,0.35900177552937357
T_C_1,Tolerant,38,Control,1,2,PostDrought,-0.9691362478261727,0.3602141161296151
T_C_1,Tolerant,39,Control,1,2,PostDrought,-0.8341781111098188,0.3628849838555299
T_C_1,Tolerant,40,Control,1,2,PostDrought,-0.8198860820572472,0.3525322164471413
T_C_2,Tolerant,0,Control,2,1,PreDrought,-0.8962635242192841,0.35862697221392936
T_C_2,Tolerant,1,Control,2,1,PreDrought,-0.8930148771062124,0.3915303568258042
T_C_2,Tolerant,2,Control,2,1,PreDrought,-0.7909058791432043,0.3456679650920404
T_C_2,Tolerant,3,Control,2,1,PreDrought,-0.8840578344039316,0.37045825644319574
T_C_2,Tolerant,4,Control,2,1,PreDrought,-0.8204858877619127,0.3581225755574486
T_C_2,Tolerant,5,Control,2,1,Drought,-0.8635811334142739,0.35410361945382257
T_C_2,Tolerant,6,Control,2,1,Drought,-0.7928143829554819,0.3814014052898199
T_C_2,Tolerant,7,Control,2,1,Drought,-0.9277119034539935,0.37328628782029993
T_C_2,Tolerant,8,Control,2,1,Drought,-0.806933790355045,0.35184199894482887
T_C_2,Tolerant,9,Control,2,1,Drought,-0.8949962514472807,0.342108043826657
T_C_2,Tolerant,10,Control,2,1,Drought,-0.8355458536397424,0.3779756028335161
T_C_2,Tolerant,11,Control,2,1,Rewatering,-0.8457782710162625,0.3674864491293939
T_C_2,Tolerant,12,Control,2,1,Rewatering,-0.920085858328109,0.37846895621914234
T_C_2,Tolerant,13,Control,2,1,Rewatering,-0.8380036484551043,0.3756626423464676
T_C_2,Tolerant,14,Control,2,1,Rewatering,-0.7935340632294652,0.34017705424930417
T_C_2,Tolerant,15,Control,2,1,Rewatering,-0.83875144311881,0.34771793906414217
T_C_2,Tolerant,16,Control,2,1,PostDrought,-0.8672741445810024,0.3510706426734916
T_C_2,Tolerant,17,Control,2,1,PostDrought,-0.8815395835752913,0.3618523784757633
T_C_2,Tolerant,18,Control,2,1,PostDrought,-0.8061785318518444,0.37466804784851454
T_C_2,Tolerant,19,Control,2,1,PostDrought,NA,0.3585760219473977
T_C_2,Tolerant,20,Control,2,1,PostDrought,-0.8398824664693155,0.38097418896329943
T_C_2,Tolerant,21,Control,2,2,PreDrought,-0.804838857231224,0.33903995621175437
T_C_2,Tolerant,22,Control,2,2,PreDrought,-0.7274408539582018,0.3768620395112213
T_C_2,Tolerant,23,Control,2,2,PreDrought,-0.8195658157406991,0.35611623783269913
T_C_2,Tolerant,24,Control,2,2,PreDrought,-0.8565322340463554,0.3309304946601044
T_C_2,Tolerant,25,Control,2,2,Drought,-0.8816440943847185,0.3536458590569079
T_C_2,Tolerant,26,Control,2,2,Drought,-0.7620259898050604,0.35452090965971134
T_C_2,Tolerant,27,Control,2,2,Drought,-0.9106764471595916,0.34811550822902976
T_C_2,Tolerant,28,Control,2,2,Drought,-0.8515398195185285,0.3557305127102198
T_C_2,Tolerant,29,Control,2,2,Drought,-0.9229317653960933,0.3527413983175863
T_C_2,Tolerant,30,Control,2,2,Drought,-0.8192157676372732,0.3626411014838128
T_C_2,Tolerant,31,Control,2,2,Rewatering,-0.8528097315199745,0.35472950689039684
T_C_2,Tolerant,32,Control,2,2,Rewatering,-0.8609936610205038,0.37114604313847177
T_C_2,Tolerant,33,Control,2,2,Rewatering,-0.9797154294675781,0.3356665871634551
T_C_2,Tolerant,34,Control,2,2,Rewatering,-0.8463588672855961,NA
T_C_2,Tolerant,35,Control,2,2,Rewatering,-0.9122883086656163,0.335759759117379
T_C_2,Tolerant,36,Control,2,2,PostDrought,-0.9102946034261712,0.35992716007395076
T_C_2,Tolerant,37,Control,2,2,PostDrought,-0.8552521305704944,0.3561151874013078
T_C_2,Tolerant,38,Control,2,2,PostDrought,-0.8794509000069335,0.37408682825191014
T_C_2,Tolerant,39,Control,2,2,PostDrought,-0.8395656428293485,0.3681733367450399
T_C_2,Tolerant,40,Control,2,2,PostDrought,-0.8966300350586985,0.3447286702100232
T_C_3,Tolerant,0,Control,3,1,PreDrought,-0.8301794841382308,0.34925148410391776
T_C_3,Tolerant,1,Control,3,1,PreDrought,-0.8955229804235197,0.36378153106699124
T_C_3,Tolerant,2,Control,3,1,PreDrought,-0.9259736678592771,0.3651816090760464
T_C_3,Tolerant,3,Control,3,1,PreDrought,-0.9152967480526778,0.36682570693039396
T_C_3,Tolerant,4,Control,3,1,PreDrought,-0.8779151153383287,0.3581658870520396
T_C_3,Tolerant,5,Control,3,1,Drought,-0.7080622169247409,0.35730169035527526
T_C_3,Tolerant,6,Control,3,1,Drought,-0.8046600371799028,0.3469222608135716
T_C_3,Tolerant,7,Control,3,1,Drought,-0.8859624965518216,0.3737208855447784
T_C_3,Tolerant,8,Control,3,1,Drought,-0.7341725145380027,0.37489076460815846
T_C_3,Tolerant,9,Control,3,1,Drought,-0.7526421897357016,0.36005140843023603
T_C_3,Tolerant,10,Control,3,1,Drought,-0.8091600190319567,0.37984382058070143
T_C_3,Tolerant,11,Control,3,1,Rewatering,-0.8284389204930278,0.38267737043952255
T_C_3,Tolerant,12,Control,3,1,Rewatering,-0.8552423333832169,0.3754586520758098
T_C_3,Tolerant,13,Control,3,1,Rewatering,-0.8810767380488846,0.36826582052514556
T_C_3,Tolerant,14,Control,3,1,Rewatering,-0.7524555167942732,0.361172777890396
T_C_3,Tolerant,15,Control,3,1,Rewatering,-0.7936357780644034,0.38292165080758345
T_C_3,Tolerant,16,Control,3,1,PostDrought,-0.8253639377782862,0.3597253485446958
T_C_3,Tolerant,17,Control,3,1,PostDrought,-0.7567462434579898,0.37584299119870124
T_C_3,Tolerant,18,Control,3,1,PostDrought,-0.796391260366079,0.37207832967997245
T_C_3,Tolerant,19,Control,3,1,PostDrought,-0.819502696950585,0.38191426211997564
T_C_3,Tolerant,20,Control,3,1,PostDrought,-0.8294603256005627,0.35696621942863543
T_C_3,Tolerant,21,Control,3,2,PreDrought,-0.8658983466332097,0.3490931779709262
T_C_3,Tolerant,22,Control,3,2,PreDrought,-0.7722943594743211,0.3602100806822965
T_C_3,Tolerant,23,Control,3,2,PreDrought,-0.843054142039445,0.337990779976072
T_C_3,Tolerant,24,Control,3,2,PreDrought,-0.8810609165305839,0.3577311803953136
T_C_3,Tolerant,25,Control,3,2,Drought,-0.8767796652246158,0.37179213548581674
T_C_3,Tolerant,26,Control,3,2,Drought,-0.9964265833159927,0.37587023499348926
T_C_3,Tolerant,27,Control,3,2,Drought,-0.8734186330061532,0.33404601999204436
T_C_3,Tolerant,28,Control,3,2,Drought,-0.842350349292182,0.34932559302928373
T_C_3,Tolerant,29,Control,3,2,Drought,-0.9062685178760977,0.3606139308979481
T_C_3,Tolerant,30,Control,3,2,Drought,-0.8110780380706001,0.34625160280653355
T_C_3,Tolerant,31,Control,3,2,Rewatering,-0.8595642915550318,0.3683482407933005
T_C_3,Tolerant,32,Control,3,2,Rewatering,-0.7766123056173855,0.3419458914414758
T_C_3,Tolerant,33,Control,3,2,Rewatering,-0.9183216034512169,0.33569389618831763
T_C_3,Tolerant,34,Control,3,2,Rewatering,-0.8683179587655128,0.3694000271894638
T_C_3,Tolerant,35,Control,3,2,Rewatering,-0.8987462286580655,0.36485857226364854
T_C_3,Tolerant,36,Control,3,2,PostDrought,-0.914618771196313,0.3668383309084304
T_C_3,Tolerant,37,Control,3,2,PostDrought,-0.9281724758157239,0.35149988269729954
T_C_3,Tolerant,38,Control,3,2,PostDrought,-0.8984366789663666,0.3753208537483882
T_C_3,Tolerant,39,Control,3,2,PostDrought,-0.9327906114545936,0.36725188049930396
T_C_3,Tolerant,40,Control,3,2,PostDrought,-0.8697067125137794,0.3281081190242122
T_C_4,Tolerant,0,Control,4,1,PreDrought,-0.829822587052307,0.3788766849629788
T_C_4,Tolerant,1,Control,4,1,PreDrought,-0.8899528078646306,0.34233520276082813
T_C_4,Tolerant,2,Control,4,1,PreDrought,-0.7983125091399305,0.3780830909034041
T_C_4,Tolerant,3,Control,4,1,PreDrought,-0.8693519840030112,0.3669387102220031
T_C_4,Tolerant,4,Control,4,1,PreDrought,NA,0.3516884625988633
T_C_4,Tolerant,5,Control,4,1,Drought,-0.8688361025150316,0.3599152290747092
T_C_4,Tolerant,6,Control,4,1,Drought,-0.829895982359205,0.3340492223292858
T_C_4,Tolerant,7,Control,4,1,Drought,-0.7235751576649152,0.35553401557115516
T_C_4,Tolerant,8,Control,4,1,Drought,-0.8423290754805645,0.3303239255943499
T_C_4,Tolerant,9,Control,4,1,Drought,-0.9096327134977598,0.3583068608449874
T_C_4,Tolerant,10,Control,4,1,Drought,-0.8684222122587518,0.3742675831655482
T_C_4,Tolerant,11,Control,4,1,Rewatering,-0.8610561804853687,0.3754490514087875
T_C_4,Tolerant,12,Control,4,1,Rewatering,-0.8804541211439201,0.37283248767929467
T_C_4,Tolerant,13,Control,4,1,Rewatering,-0.8171295663948913,0.36463395226092177
T_C_4,Tolerant,14,Control,4,1,Rewatering,-0.8527121306357989,0.35759965905893926
T_C_4,Tolerant,15,Control,4,1,Rewatering,-0.7974714903576385,0.3591423604905927
T_C_4,Tolerant,16,Control,4,1,PostDrought,-0.8510675296204113,0.36364972958331654
T_C_4,Tolerant,17,Control,4,1,PostDrought,-0.7030034957277381,0.3732886435175509
T_C_4,Tolerant,18,Control,4,1,PostDrought,-0.8998815692792749,0.38760884868794615
T_C_4,Tolerant,19,Control,4,1,PostDrought,-0.8192318606397007,0.37363755518880654
T_C_4,Tolerant,20,Control,4,1,PostDrought,-0.9189545680595553,0.34954189681254644
T_C_4,Tolerant,21,Control,4,2,PreDrought,-0.919712561512062,0.3805650127209286
T_C_4,Tolerant,22,Control,4,2,PreDrought,-0.8309849896706138,0.34921107537663254
T_C_4,Tolerant,23,Control,4,2,PreDrought,-0.9229235176358688,0.37383239800457446
T_C_4,Tolerant,24,Control,4,2,PreDrought,-0.9192906581639549,0.3613640974474968
T_C_4,Tolerant,25,Control,4,2,Drought,-0.9056132446608495,0.3820896563583639
T_C_4,Tolerant,26,Control,4,2,Drought,-0.8702479540951424,0.3530859673292351
T_C_4,Tolerant,27,Control,4,2,Drought,-0.9411458234720318,0.35328371560467153
T_C_4,Tolerant,28,Control,4,2,Drought,-0.748654572280199,0.34031343721465285
T_C_4,Tolerant,29,Control,4,2,Drought,-0.8385957995050513,0.37574701328947746
T_C_4,Tolerant,30,Control,4,2,Drought,-0.8783174207249683,0.3426122278523281
T_C_4,Tolerant,31,Control,4,2,Rewatering,-0.9545338489810657,0.35485915559993775
T_C_4,Tolerant,32,Control,4,2,Rewatering,-0.8901540564486394,0.34161815025642633
T_C_4,Tolerant,33,Control,4,2,Rewatering,-0.7142536135821147,0.3670688644343223
T_C_4,Tolerant,34,Control,4,2,Rewatering,-0.907987901682658,0.3449261028233121
T_C_4,Tolerant,35,Control,4,2,Rewatering,-0.8235872860303541,0.34158178550546386
T_C_4,Tolerant,36,Control,4,2,PostDrought,-0.820445625007808,0.3676271718233532
T_C_4,Tolerant,37,Control,4,2,PostDrought,-0.8956735192100841,0.33828336530353076
T_C_4,Tolerant,38,Control,4,2,PostDrought,-0.8528488840102917,0.36565161503828486
T_C_4,Tolerant,39,Control,4,2,PostDrought,-0.9378614815382172,0.3702118647989417
T_C_4,Tolerant,40,Control,4,2,PostDrought,-0.9143380438271037,0.39388558603302437
T_D_1,Tolerant,0,Drought,1,1,PreDrought,-0.871088872717743,0.35181657319747556
T_D_1,Tolerant,1,Drought,1,1,PreDrought,-0.7299232348853111,0.34126623422997826
T_D_1,Tolerant,2,Drought,1,1,PreDrought,-0.8844353350359573,0.34955595762302927
T_D_1,Tolerant,3,Drought,1,1,PreDrought,-0.7395523278992083,0.36288499357869297
T_D_1,Tolerant,4,Drought,1,1,PreDrought,-0.8020062994607638,0.3640212988071691
T_D_1,Tolerant,5,Drought,1,1,Drought,-0.9982122426634426,0.3214705459916637
T_D_1,Tolerant,6,Drought,1,1,Drought,-1.1310901658796648,0.28385812218639744
T_D_1,Tolerant,7,Drought,1,1,Drought,-1.2122239915700455,0.28814973308183506
T_D_1,Tolerant,8,Drought,1,1,Drought,-1.5142000778835794,0.2406383246032619
T_D_1,Tolerant,9,Drought,1,1,Drought,-1.5886378177737681,0.20441353415826893
T_D_1,Tolerant,10,Drought,1,1,Drought,-1.6501034336565452,0.178246191809311
T_D_1,Tolerant,11,Drought,1,1,Rewatering,-1.6284769437100088,0.20655048365817444
T_D_1,Tolerant,12,Drought,1,1,Rewatering,-1.417904356130965,0.24208300448105996
T_D_1,Tolerant,13,Drought,1,1,Rewatering,-1.3350623500964405,0.25421058538995933
T_D_1,Tolerant,14,Drought,1,1,Rewatering,NA,0.26229555833263896
T_D_1,Tolerant,15,Drought,1,1,Rewatering,-1.0868893793348693,0.2863359538450864
T_D_1,Tolerant,16,Drought,1,1,PostDrought,-1.1246581261738804,0.340611882504441
T_D_1,Tolerant,17,Drought,1,1,PostDrought,-1.141098302438661,0.29526535807405196
T_D_1,Tolerant,18,Drought,1,1,PostDrought,-1.0243437163256244,0.30145143709009325
T_D_1,Tolerant,19,Drought,1,1,PostDrought,-1.074315361959659,0.32211338212423146
T_D_1,Tolerant,20,Drought,1,1,PostDrought,-1.0389141707053349,0.3117831995335715
T_D_1,Tolerant,21,Drought,1,2,PreDrought,-0.9040729533678863,0.3507494705085954
T_D_1,Tolerant,22,Drought,1,2,PreDrought,-0.938036139035201,0.35276355728083825
T_D_1,Tolerant,23,Drought,1,2,PreDrought,-0.7849619487320242,0.34924537331239247
T_D_1,Tolerant,24,Drought,1,2,PreDrought,-0.8424840442500662,0.35568542975007145
T_D_1,Tolerant,25,Drought,1,2,Drought,-0.9124331932160632,0.33595360540499236
T_D_1,Tolerant,26,Drought,1,2,Drought,-1.0456184338860113,0.3009832185976818
T_D_1,Tolerant,27,Drought,1,2,Drought,-1.151836950838489,0.25391261401745374
T_D_1,Tolerant,28,Drought,1,2,Drought,-1.2344789547733173,0.2458021786487185
T_D_1,Tolerant,29,Drought,1,2,Drought,-1.4557513897698455,0.24576211338789192
T_D_1,Tolerant,30,Drought,1,2,Drought,-1.4987080357640192,0.2451717686082109
T_D_1,Tolerant,31,Drought,1,2,Rewatering,-1.2695990397199126,0.2672520763869646
T_D_1,Tolerant,32,Drought,1,2,Rewatering,-1.1963947747699044,0.25917972880256823
T_D_1,Tolerant,33,Drought,1,2,Rewatering,-1.1539719074603143,0.299068267813466
T_D_1,Tolerant,34,Drought,1,2,Rewatering,-1.1088759322339738,0.33392704503101445
T_D_1,Tolerant,35,Drought,1,2,Rewatering,-0.9185830255076866,0.33473949939688885
T_D_1,Tolerant,36,Drought,1,2,PostDrought,-0.9556686678176057,0.3245971861135997
T_D_1,Tolerant,37,Drought,1,2,PostDrought,-0.9767196816402594,0.33795037654518584
T_D_1,Tolerant,38,Drought,1,2,PostDrought,-0.8964712602064828,0.35389048262644224
T_D_1,Tolerant,39,Drought,1,2,PostDrought,-0.9577923455987896,0.3781994894174544
T_D_1,Tolerant,40,Drought,1,2,PostDrought,-1.1005597728317071,0.3604719967601056
T_D_2,Tolerant,0,Drought,2,1,PreDrought,-0.9068212209827117,0.36039232658609005
T_D_2,Tolerant,1,Drought,2,1,PreDrought,-0.9104003528616644,0.34854099923131737
T_D_2,Tolerant,2,Drought,2,1,PreDrought,-0.816110707578489,0.3577988493949692
T_D_2,Tolerant,3,Drought,2,1,PreDrought,-0.8473569605117374,0.3760561840639568
T_D_2,Tolerant,4,Drought,2,1,PreDrought,-0.7930724278480126,0.362275586089292
T_D_2,Tolerant,5,Drought,2,1,Drought,-0.929617252374064,0.32854183753116833
T_D_2,Tolerant,6,Drought,2,1,Drought,NA,0.2915905565462445
T_D_2,Tolerant,7,Drought,2,1,Drought,-1.23584592250783,0.2751173155004961
T_D_2,Tolerant,8,Drought,2,1,Drought,-1.5170876165242895,0.24452731003568168
T_D_2,Tolerant,9,Drought,2,1,Drought,-1.5782313270290804,0.2165748589600457
T_D_2,Tolerant,10,Drought,2,1,Drought,-1.6896358729109324,0.16218516412586306
T_D_2,Tolerant,11,Drought,2,1,Rewatering,-1.6105249005973106,0.2268331494333976
T_D_2,Tolerant,12,Drought,2,1,Rewatering,-1.5653586858378625,0.2214310741523271
T_D_2,Tolerant,13,Drought,2,1,Rewatering,-1.3860148663350584,0.26479406541367345
T_D_2,Tolerant,14,Drought,2,1,Rewatering,-1.2632068483437828,0.30267308285918726
T_D_2,Tolerant,15,Drought,2,1,Rewatering,-1.063528133821597,0.30038802865715675
T_D_2,Tolerant,16,Drought,2,1,PostDrought,-1.01614931454815,0.27876983014210427
T_D_2,Tolerant,17,Drought,2,1,PostDrought,-1.0666448056011952,0.27627241566989946
T_D_2,Tolerant,18,Drought,2,1,PostDrought,-1.1055810375116466,0.32885308383247913
T_D_2,Tolerant,19,Drought,2,1,PostDrought,-1.092394941337899,0.3240490700175008
T_D_2,Tolerant,20,Drought,2,1,PostDrought,-1.0853225896384122,0.2995569593246184
T_D_2,Tolerant,21,Drought,2,2,PreDrought,-0.8882983811979694,0.3323780616102291
T_D_2,Tolerant,22,Drought,2,2,PreDrought,-0.8310076792423563,0.3360591190842409
T_D_2,Tolerant,23,Drought,2,2,PreDrought,-0.8568752850625022,0.34444451854895064
T_D_2,Tolerant,24,Drought,2,2,PreDrought,-0.8688018843837106,0.35039949700051504
T_D_2,Tolerant,25,Drought,2,2,Drought,-0.8926566682828302,0.30118272538934193
T_D_2,Tolerant,26,Drought,2,2,Drought,-1.1216416018544355,0.281803297272438
T_D_2,Tolerant,27,Drought,2,2,Drought,-1.0811144996537903,0.3007205735590256
T_D_2,Tolerant,28,Drought,2,2,Drought,-1.2575335486702401,0.26687764570620426
T_D_2,Tolerant,29,Drought,2,2,Drought,-1.3758032245070722,0.27099489056625103
T_D_2,Tolerant,30,Drought,2,2,Drought,-1.517268867604949,0.23616204018525988
T_D_2,Tolerant,31,Drought,2,2,Rewatering,-1.3036558393047728,0.23935461400481023
T_D_2,Tolerant,32,Drought,2,2,Rewatering,-1.2683430456836395,NA
T_D_2,Tolerant,33,Drought,2,2,Rewatering,-1.1905882114995991,0.29308483556492876
T_D_2,Tolerant,34,Drought,2,2,Rewatering,-1.06819057360942,0.3057925688405581
T_D_2,Tolerant,35,Drought,2,2,Rewatering,-1.0233243624673276,0.3416314327996904
T_D_2,Tolerant,36,Drought,2,2,PostDrought,-0.9686373042632258,0.37433635061924775
T_D_2,Tolerant,37,Drought,2,2,PostDrought,-0.9094894620323484,0.3555534363259322
T_D_2,Tolerant,38,Drought,2,2,PostDrought,-1.018440298946152,0.33341451205469586
T_D_2,Tolerant,39,Drought,2,2,PostDrought,-1.0461759058347415,0.3715930804183298
T_D_2,Tolerant,40,Drought,2,2,PostDrought,-0.8382119762580331,0.36955139487570704
T_D_3,Tolerant,0,Drought,3,1,PreDrought,-0.7931319733774836,0.3582241843289224
T_D_3,Tolerant,1,Drought,3,1,PreDrought,-0.8596560319566701,0.37507961449134086
T_D_3,Tolerant,2,Drought,3,1,PreDrought,-0.8299242728507298,0.3157039939377039
T_D_3,Tolerant,3,Drought,3,1,PreDrought,-0.7298285197314113,0.3829062455758169
T_D_3,Tolerant,4,Drought,3,1,PreDrought,-0.9753896372439546,0.34278524250265713
T_D_3,Tolerant,5,Drought,3,1,Drought,-0.9894009959432124,0.31401400724997625
T_D_3,Tolerant,6,Drought,3,1,Drought,-1.1319950786736777,0.2977212450181373
T_D_3,Tolerant,7,Drought,3,1,Drought,-1.2904381716514026,0.30393367255107717
T_D_3,Tolerant,8,Drought,3,1,Drought,-1.344115048379836,0.24023361861561712
T_D_3,Tolerant,9,Drought,3,1,Drought,-1.4345221877025036,0.21806553305645532
T_D_3,Tolerant,10,Drought,3,1,Drought,-1.7041390486828425,0.17613640584343795
T_D_3,Tolerant,11,Drought,3,1,Rewatering,-1.5365103443774328,0.1830454795218321
T_D_3,Tolerant,12,Drought,3,1,Rewatering,-1.5130574710387694,0.2284807831074679
T_D_3,Tolerant,13,Drought,3,1,Rewatering,NA,0.27180356442746023
T_D_3,Tolerant,14,Drought,3,1,Rewatering,-1.264529736261668,0.2768970177242994
T_D_3,Tolerant,15,Drought,3,1,Rewatering,-1.103945920052719,0.2761201898062365
T_D_3,Tolerant,16,Drought,3,1,PostDrought,-1.1555898356122412,0.3080212408612922
T_D_3,Tolerant,17,Drought,3,1,PostDrought,-1.0973069335727665,0.3263296479304712
T_D_3,Tolerant,18,Drought,3,1,PostDrought,-1.0646612668598794,0.27951210512063535
T_D_3,Tolerant,19,Drought,3,1,PostDrought,-1.0507278227552268,0.33483386262026305
T_D_3,Tolerant,20,Drought,3,1,PostDrought,-0.9530466715848728,0.32381032245711877
T_D_3,Tolerant,21,Drought,3,2,PreDrought,-0.9817455055413077,0.30007875939338513
T_D_3,Tolerant,22,Drought,3,2,PreDrought,-0.9729736771840931,0.3340399619319546
T_D_3,Tolerant,23,Drought,3,2,PreDrought,-0.8557740799371208,0.34630079725495466
T_D_3,Tolerant,24,Drought,3,2,PreDrought,-0.9486080699333803,0.34748988052211377
T_D_3,Tolerant,25,Drought,3,2,Drought,-1.0460964021207402,0.33246967981597836
T_D_3,Tolerant,26,Drought,3,2,Drought,-1.0344015818829204,0.295719481281668
T_D_3,Tolerant,27,Drought,3,2,Drought,-1.1339120198540433,0.28321865751125197
T_D_3,Tolerant,28,Drought,3,2,Drought,-1.2636921002096675,0.3011571853871559
T_D_3,Tolerant,29,Drought,3,2,Drought,-1.3597263068498404,NA
T_D_3,Tolerant,30,Drought,3,2,Drought,-1.380041168596387,0.2291082071308338
T_D_3,Tolerant,31,Drought,3,2,Rewatering,-1.3772417437575621,0.23561293934101607
T_D_3,Tolerant,32,Drought,3,2,Rewatering,-1.2782701586571596,0.2743146901548904
T_D_3,Tolerant,33,Drought,3,2,Rewatering,-1.16355920143133,0.29694486357563177
T_D_3,Tolerant,34,Drought,3,2,Rewatering,-1.1030363295345282,0.33729937319194436
T_D_3,Tolerant,35,Drought,3,2,Rewatering,-1.0361808036051336,0.3216243065237155
T_D_3,Tolerant,36,Drought,3,2,PostDrought,-1.024631254870284,0.3538705864775356
T_D_3,Tolerant,37,Drought,3,2,PostDrought,-0.9639658139939576,0.34887323000351966
T_D_3,Tolerant,38,Drought,3,2,PostDrought,-0.9796704849322371,0.35853799383886353
T_D_3,Tolerant,39,Drought,3,2,PostDrought,-1.0971225231927604,0.3601964024861748
T_D_3,Tolerant,40,Drought,3,2,PostDrought,-1.0294010205445814,0.3441330946917517
T_D_4,Tolerant,0,Drought,4,1,PreDrought,-0.9194943025947397,0.3548380832616327
T_D_4,Tolerant,1,Drought,4,1,PreDrought,-0.8933323861717526,0.3491746771541046
T_D_4,Tolerant,2,Drought,4,1,PreDrought,-0.8879769178298884,0.3469896501407691
T_D_4,Tolerant,3,Drought,4,1,PreDrought,-0.8493290127738351,0.33304390401785944
T_D_4,Tolerant,4,Drought,4,1,PreDrought,-0.9155288828968258,0.33214797267328555
T_D_4,Tolerant,5,Drought,4,1,Drought,-1.1015144803513668,0.32599077285527606
T_D_4,Tolerant,6,Drought,4,1,Drought,-1.1347818817923148,0.32432845216436773
T_D_4,Tolerant,7,Drought,4,1,Drought,-1.2281191558434805,0.26314928131435594
T_D_4,Tolerant,8,Drought,4,1,Drought,-1.4362213268956934,0.24975332464558136
T_D_4,Tolerant,9,Drought,4,1,Drought,-1.575848124038393,0.20804324481314507
T_D_4,Tolerant,10,Drought,4,1,Drought,-1.7840620466864499,0.16000401603913939
T_D_4,Tolerant,11,Drought,4,1,Rewatering,-1.539503493269137,0.21668773197433974
T_D_4,Tolerant,12,Drought,4,1,Rewatering,-1.4614732115072102,0.2317793406207473
T_D_4,Tolerant,13,Drought,4,1,Rewatering,-1.3456844070929161,0.25420969536720966
T_D_4,Tolerant,14,Drought,4,1,Rewatering,-1.1887882152827347,0.2393094034038748
T_D_4,Tolerant,15,Drought,4,1,Rewatering,-1.21665757897694,0.2869240670723447
T_D_4,Tolerant,16,Drought,4,1,PostDrought,-1.1092477465331922,0.32004398406744156
T_D_4,Tolerant,17,Drought,4,1,PostDrought,-1.0473418826317358,0.3090487481274376
T_D_4,Tolerant,18,Drought,4,1,PostDrought,-1.0614708694631274,0.3078190383147359
T_D_4,Tolerant,19,Drought,4,1,PostDrought,-1.150992827344344,0.2941935292345653
T_D_4,Tolerant,20,Drought,4,1,PostDrought,-1.101286158558455,0.3285875380433935
T_D_4,Tolerant,21,Drought,4,2,PreDrought,-0.7709701799856439,0.3158396852026674
T_D_4,Tolerant,22,Drought,4,2,PreDrought,-0.8988161916966568,0.334835107714347
T_D_4,Tolerant,23,Drought,4,2,PreDrought,-0.8621219784361772,0.339562834885094
T_D_4,Tolerant,24,Drought,4,2,PreDrought,-0.9567065227793448,0.3355578846985886
T_D_4,Tolerant,25,Drought,4,2,Drought,-0.8414691366661048,0.3016253585355562
T_D_4,Tolerant,26,Drought,4,2,Drought,-1.1216337972144266,0.28773227717413596
T_D_4,Tolerant,27,Drought,4,2,Drought,-1.1286029293686526,0.2920123840314488
T_D_4,Tolerant,28,Drought,4,2,Drought,-1.16408695410345,0.2705928399067376
T_D_4,Tolerant,29,Drought,4,2,Drought,-1.3863717981901131,0.2513403434767641
T_D_4,Tolerant,30,Drought,4,2,Drought,-1.4764435199840307,0.2314450680961361
T_D_4,Tolerant,31,Drought,4,2,Rewatering,-1.4628236939428279,0.26856901027161184
T_D_4,Tolerant,32,Drought,4,2,Rewatering,-1.276980650319361,0.2913464215012223
T_D_4,Tolerant,33,Drought,4,2,Rewatering,-1.2035055822542857,0.3094715830818667
T_D_4,Tolerant,34,Drought,4,2,Rewatering,-1.163794261816047,0.2939843523752971
T_D_4,Tolerant,35,Drought,4,2,Rewatering,-0.9530150502859543,0.3445126216658837
T_D_4,Tolerant,36,Drought,4,2,PostDrought,-0.9690032083438488,0.3333381804101615
T_D_4,Tolerant,37,Drought,4,2,PostDrought,-0.9719632121400164,0.33923020305354723
T_D_4,Tolerant,38,Drought,4,2,PostDrought,-1.026898243760052,0.3346360133508044
T_D_4,Tolerant,39,Drought,4,2,PostDrought,-0.9406035196746192,0.3587470767290254
T_D_4,Tolerant,40,Drought,4,2,PostDrought,-0.8991153585968544,0.3445533775358919
